{
  "card": {
    "mean": 0.007675808835008912,
    "std": 0.014820836099122436,
    "min": 0.000275027502750275,
    "max": 0.059955995599559955,
    "nulls": 0,
    "rows": 3636
  },
  "money": {
    "mean": 31.74685918591859,
    "std": 4.919925803555431,
    "min": 18.12,
    "max": 40.0,
    "nulls": 0,
    "rows": 3636
  },
  "date__year": {
    "mean": 2024.2593509350936,
    "std": 0.4383387634965901,
    "min": 2024.0,
    "max": 2025.0,
    "nulls": 0,
    "rows": 3636
  },
  "date__month": {
    "mean": 6.3946644664466445,
    "std": 3.4806858124621645,
    "min": 1.0,
    "max": 12.0,
    "nulls": 0,
    "rows": 3636
  },
  "date__day": {
    "mean": 15.53987898789879,
    "std": 8.634902744379021,
    "min": 1.0,
    "max": 31.0,
    "nulls": 0,
    "rows": 3636
  },
  "date__dayofweek": {
    "mean": 2.847909790979098,
    "std": 1.9759833179307016,
    "min": 0.0,
    "max": 6.0,
    "nulls": 0,
    "rows": 3636
  },
  "datetime__year": {
    "mean": 2024.2593509350936,
    "std": 0.4383387634965901,
    "min": 2024.0,
    "max": 2025.0,
    "nulls": 0,
    "rows": 3636
  },
  "datetime__month": {
    "mean": 6.3946644664466445,
    "std": 3.4806858124621645,
    "min": 1.0,
    "max": 12.0,
    "nulls": 0,
    "rows": 3636
  },
  "datetime__day": {
    "mean": 15.53987898789879,
    "std": 8.634902744379021,
    "min": 1.0,
    "max": 31.0,
    "nulls": 0,
    "rows": 3636
  },
  "datetime__dayofweek": {
    "mean": 2.847909790979098,
    "std": 1.9759833179307016,
    "min": 0.0,
    "max": 6.0,
    "nulls": 0,
    "rows": 3636
  },
  "cash_type_card": {
    "mean": 0.9755225522552256,
    "std": 0.15454731085716628,
    "min": 0.0,
    "max": 1.0,
    "nulls": 0,
    "rows": 3636
  },
  "cash_type_cash": {
    "mean": 0.024477447744774478,
    "std": 0.1545473108571663,
    "min": 0.0,
    "max": 1.0,
    "nulls": 0,
    "rows": 3636
  },
  "coffee_name": {
    "mean": 3.179042904290429,
    "std": 2.609918815335622,
    "min": 0.0,
    "max": 7.0,
    "nulls": 0,
    "rows": 3636
  }
}